{
  "IcoMoonType": "selection",
  "icons": [
    {
      "icon": {
        "paths": [
          "M423.268 320.651l122.866-232.874 122.866 232.874c10.866 20.594 30.673 34.983 53.61 38.952l259.447 44.89-183.508 188.815c-16.227 16.698-23.798 39.979-20.48 63.027l37.478 260.617-236.28-116.176c-20.895-10.281-45.374-10.281-66.269 0l-236.281 116.176 37.48-260.617c3.314-23.048-4.25-46.328-20.479-63.027l-183.509-188.815 259.445-44.89c22.944-3.97 42.747-18.358 53.613-38.952z"
        ],
        "attrs": [
          {
            "fill": "rgb(255, 197, 49)",
            "stroke": "rgb(255, 197, 49)",
            "strokeLinejoin": "miter",
            "strokeLinecap": "butt",
            "strokeMiterlimit": "4",
            "strokeWidth": 81.92
          }
        ],
        "width": 1092,
        "isMulticolor": false,
        "isMulticolor2": false,
        "grid": 0,
        "tags": [
          "Rating"
        ]
      },
      "attrs": [
        {
          "fill": "rgb(255, 197, 49)",
          "stroke": "rgb(255, 197, 49)",
          "strokeLinejoin": "miter",
          "strokeLinecap": "butt",
          "strokeMiterlimit": "4",
          "strokeWidth": 81.92
        }
      ],
      "properties": {
        "order": 59,
        "id": 0,
        "name": "Rating",
        "prevSize": 32
      },
      "setIdx": 0,
      "setId": 20,
      "iconIdx": 0
    }
  ],
  "height": 1024,
  "preferences": {
    "showGlyphs": true,
    "showQuickUse": true,
    "showQuickUse2": true,
    "showSVGs": true,
    "fontPref": {
      "prefix": "icon-",
      "metadata": {
        "fontFamily": "icomoon"
      },
      "metrics": {
        "emSize": 1024,
        "baseline": 6.25,
        "whitespace": 50
      },
      "embed": false
    },
    "imagePref": {
      "prefix": "icon-",
      "png": true,
      "useClassSelector": true,
      "color": 0,
      "bgColor": 16777215,
      "classSelector": ".icon",
      "name": "icomoon",
      "height": 32,
      "columns": 16,
      "margin": 16,
      "sprite": true,
      "autoHost": true
    },
    "historySize": 50,
    "showCodes": true,
    "gridSize": 16,
    "quickUsageToken": {
      "UntitledProject": "MWEzZjk2ZDY2MCMxNzIxMjEyMjg5IzRRRXFWTG0zbTA4Y1RCN1FvOTlRUU84dEdHWTh4MmtMWkoxMTJEL29kWGNh"
    }
  }
}